id,profile_img,city,email,username,interested_posts__001,interested_posts__002,interested_posts__003,interested_posts__004,interested_posts__005,search_histories__001,search_histories__002,search_histories__003
0KX5pZM33cMkDCw2tIxPWk8Cram1,,Pekanbaru,dirja.wijayanti@gmail.co.id,permadi.kardi,9taCl56Ja8xxVEWHwLgU,rN2BpiVoWmB99HkaVVOq,,,,laptop,kipas,
0TmaAkUBFzghYOcfEos14BauwiI3,,Serang,ylazuardi@yahoo.com,violet76,LuwacWWBHtjPhnuOUkYE,jmHQeRvMDui9kvMb5hIH,P8yF6I2WkMX0DbKEGvGC,,,les,tas,kamera
0fYvIFDOBBX4utW24X4sXBiCDuP2,,Bekasi,vanya.kurniawan@yahoo.co.id,kamila.sudiati,VAKERCeT4RnhZPjJIvNX,ZF1eQn4iO3jD5lnMNdSk,la7hqQ2aCWZw4teJQdIY,,,smartphone,televisi,sepeda
1FsrMukzX3NEwvmNgPWNMZsibJV2,,Tanjung Pinang,salsabila70@gmail.com,raharja14,fVKGMVmldIPgLJKxwEWM,wzWN1llwUy1MYCD2bEDc,,,,lemari,,
1NGHKnfZt0T8IcPTeVFCm4Mr8fT2,,Gunungsitoli,galuh.halim@gmail.co.id,raharja46,1fI2AsboOWDnWYdGByLl,EF2jYrclnVNryi0QBiGI,SMr9VHjNWZSTiBWREwTx,,,laptop,,
1sLIAPR59sOXdOYABhtXI37cgLL2,,Jakarta Selatan,ira69@gmail.co.id,hardiansyah.dadi,EwmlAYmvvKA5Giw2wfZt,ONnALyDjZyOwNLmSdtRL,0R0LXrbbtbrCfhnmrcCP,,,kursi,,
2NQZO7WEzaUmngQKCPi18UUVdb42,,Pasuruan,ihutasoit@yahoo.co.id,lili.wasita,8WppnkCaRQc3XDzAMTEX,N1XWw1m6CLAzGlm2GTdM,,,,meja,cuci mobil,
2TjBkgTn6tcKkR8YmMUIih529Ey2,,Medan,oskar.santoso@yahoo.co.id,lanang.tampubolon,RzCPznq6rQ7xLgZvWeYx,VrnGRyBeSoxuckPcKK1B,,,,kompor,,
312WUx9lcCNn46o7jPWDTHJbQJP2,,Magelang,almira28@yahoo.com,laksita.dina,uEMj8wGtKPEEnTkYzwo5,zIa7X53uKyOUuZjkVDKG,,,,sepatu,,
3Be4eTsgUNbRcu05ehVjm5PGbkG2,,Cimahi,zwibisono@gmail.com,irahayu,IYLbeI1Zrjon644mIQsx,i6apqdZ9tEj8kdjaBZhX,P8yF6I2WkMX0DbKEGvGC,IZ61JUYxZ49AZJnyDRbe,79hicPAJdnKHvzWYKMCv,sepeda,novel,
3H4lM0jtq8Zwn0OkED2etRdbLQM2,,Palangka Raya,iriana.napitupulu@gmail.co.id,wdongoran,CIzjWNSyqwqemKnTbt5D,Y1vaqFFsgecsKXaM8lcM,,,,buku,tanaman,
3OMKx3Edv2QBJXuaJQsRdLaBG9I3,,Tanjung Pinang,bagas34@gmail.co.id,farhunnisa10,K8TyedpiYfATjtkuvpxz,XH0zUcfuLX8v8QXDiEO0,,,,kemeja,,
3QcWUGf9igTUcD4iUcICsBhL0gC2,,Surabaya,dagustina@yahoo.com,santoso.nyoman,1IQEhrUi8vacA7a7qFhx,tUJp5lLnwNRPInRS6U70,,,,jam tangan,,
3aT7n4I3XVXz5ysMVzIWuSQrum73,,Blitar,handayani.kariman@gmail.com,jagapati.yolanda,3KwSMXHmwmwbhXspkIA2,N18AY76cVJ9PMvHlVF1L,,,,kompor,rak,
3njr4uwXT3RrCvlOKRXiiyYjexD3,,Jakarta Utara,suryono.wirda@yahoo.co.id,zalindra.maulana,2CB8HsZIUibZxCKj6wWu,K6g3xfLHGTj2HW0nSWAG,uZqddjEpeEXlBMiBMNkW,,,televisi,,
46TRElDVnKZoBpkJiNaikNXMrtg2,,Parepare,ogunarto@yahoo.com,twasita,WehjIlCluk3CdCkY8BVz,yQhTBkwVY1s0lMhymjmG,,,,tas,,
4HbzMucl2hgK5PmTNFurkGeunC93,,Banjar,dewi.ramadan@yahoo.co.id,yoga84,K1x3W1zTphC95Ut7nVpP,frvWmPgPc2W4UsY1ZdDu,uZqddjEpeEXlBMiBMNkW,,,lemari,laptop,fotografi
4HoV63nmRBXU5HCrG4RN11s6sBi2,,Tarakan,zulaikha.tamba@yahoo.co.id,narpati.qori,NtfrlfwFMfSzsW83me4m,zsoIrJKqZLRzfeub4e2W,0R0LXrbbtbrCfhnmrcCP,,,jam tangan,,
4Y6mGc37OKapTSggK42NH2qvVD63,,Medan,aslijan62@yahoo.co.id,hendri37,NB2PdI80wNbh4JLoONDV,RYpZv8qIgJdfGdjFssKv,,,,tukang kebun,,
4rgdQEwsJmaE9KvdqTpmAZ4FLvM2,,Pasuruan,wastuti.maimunah@gmail.com,ellis.kuswoyo,aWgHpjuZOda0zP43RKJy,vcKJTRdO78GJu0IgvreS,,,,les,tanaman,
5Ik1GqKpiSewQZSsGQw5cTAgjRk1,,Pagar Alam,sarah61@yahoo.com,garda21,Mq80HN2duRsCLrjkJq6C,Q0siVCEdvgvzrShZ8fE2,,,,dompet,,
5JnK8BJTaadip7tS3U6cdshP2hl1,,Ambon,calista.lazuardi@gmail.co.id,irma.napitupulu,NF6euDH1lod6ueGnuIar,R7hTJynjSqLrRRyrOZrj,,,,helm ,,
5LASnQcwRQZbfx6kIsEgA96Ay6O2,,Palangka Raya,lalita.mansur@gmail.com,hakim.cahyono,6ByHpVspdXX5q7iZfvkY,Q320ybt7cmH8LOlcowLV,,,,kipas,mouse,
5nDK2qFK4ofSnHPYb3x2LVVWsVy2,,Lubuklinggau,ardianto.anastasia@gmail.co.id,zandriani,QF86hF9IvSAbcBLA5ojR,VaO8vm3XcmBmo0Pt2B8Y,,,,setrika,,
5tA99EpW0xZxLcoMftGqMVenLN92,,Pekalongan,bmangunsong@yahoo.co.id,haryanti.kamila,FRDCuerd2tl87MxtNkjB,NiKzNklyzQE9qlGV1g7T,,,,dompet,rak,
5wqlsPvX1BXEQYSRcXWH03qEDUp2,,Bitung,jpangestu@gmail.com,puspita.ajiono,W92IoBAaN4KfhirlDmA9,kuAJg6rZ2dvfCmv2GJaU,,,,laptop,tas,
63Qa8P1IXgapAfxn8RfiO2m42gr2,,Singkawang,sitompul.dagel@gmail.com,czulkarnain,kxG9nvL878lKsTnMlKaZ,zqkIQggV7LOT3gXlGbRS,,,,kursi,,
6GzrihosqMOYAYEHE5JrdjlMU5H3,,Jakarta Selatan,hendri.siregar@yahoo.co.id,kunthara.farida,RxMfwrQaf3Ot9s9Od71z,Wx2wySSwSAsajY6pBThK,,,,kompor,kamera,kacamata
6ZvMqOq06Rcbzcqm90c829K8vHo1,,Sukabumi,vsirait@gmail.co.id,hastuti.radika,9GLWD71EwSzwcQGtbhDs,SchyAW8GTzXX0K7lhMLz,gEi36Uqo16TyKuWjOG3F,,,,,
7GgSTIQB76SWqJK0lfDmpQoCJfj2,,Banjar,icha.permadi@gmail.co.id,lukman.sihombing,MSgt0vhryDCzRlj1mXcl,fSbi3pheRz2qNk7G96Hq,,,,,,
7PKjBrr7QTZxOtwLEiKRn4ApW3u1,,Kotamobagu,cpermata@gmail.com,artawan37,jKD3QmnItI3JDDpZtF6l,o7W8eDAbzvdAMl2kzhOX,P8yF6I2WkMX0DbKEGvGC,tUJp5lLnwNRPInRS6U70,,,,
7SaaogPyzuXA2HvRhY4BV1hjL8z1,,Pekalongan,vyuliarti@gmail.co.id,nasyiah.wani,iUILFqSnUHn88h2J7xiY,pdnzLow7u1RayiFEWfbW,P8yF6I2WkMX0DbKEGvGC,,,,,
7TZM6gunguRajjQi0kwFz0RNnRp2,,Bandung,emaulana@yahoo.com,eli.puspita,8ALA3l4TVBCz5N92rjKG,nOF2zBvRQGsyJmitanaT,tUJp5lLnwNRPInRS6U70,,,,,
7XhrJNO6oZQRw9PBotKNEdIa6cW2,,Palu,mandriani@yahoo.co.id,hilda39,78gNzchHHHokWXaZI8y0,J2DTIpJp0RSmFky6tKyb,IZ61JUYxZ49AZJnyDRbe,,,,,
86XNfAn4WIPOERUjQPItZ6vBkGD2,,Bukittinggi,rhastuti@gmail.com,lnarpati,F24kYPRt9vlGRsu9cw4L,kebLTyU0v5OaMhqiwruW,,,,,,
887MkRkNDXPJr61WHirUuYoYoqu1,,Pangkal Pinang,waskita.faizah@yahoo.com,bpratiwi,FllrmLJlhCsTqVhjuIxY,,,,,,,
89B6wkiGhxa7IsZv4eEvQuiKgsW2,,Subulussalam,irnanto73@gmail.com,hasna.purwanti,P0VF8YY6WdWZwX6UeEaq,,,,,,,
89l6SaiEJlNV3lmTfbaj9uq6sXi1,,Tanjung Pinang,tirtayasa.lailasari@gmail.com,ade.mardhiyah,qiwtII023qhxuv7aClcU,cQmE4b3vrfBKWUvbEEXu,,,,,,
89yqnxLqWGgMXKjPWjB5YpOR9eN2,,Lhokseumawe,hidayat.darsirah@gmail.com,myuliarti,Qw2WjNfx1cGixcm7pgdB,kEXsYgXjNQPxyMJPWun8,P8yF6I2WkMX0DbKEGvGC,,,,,
8EXUXqVl8GT6iSbEFyzCiWvvSfv1,,Bau-Bau,sinaga.ifa@gmail.com,fwaskita,0HN0pHHLONAsYPPFbVKT,RTmte3tqLFwBAeuVTd7e,1fI2AsboOWDnWYdGByLl,,,,,
8QTeZAB6emPkO7dg8F27hif8d8w2,,Solok,waluyo.bagus@yahoo.co.id,hastuti.padma,FVsCUEaxhodjm7srB4Yw,obYXj6JI6AyP07N9dIbj,NolHhK6EQJ9RUcop2T6J,,,,,
8mlFfV6wptexcYejr4zzZF4FMWc2,,Balikpapan,randriani@yahoo.com,pangestu.putri,G1bVbmr6NtyVw2wvxsH1,phI0lH1dHnkQ0HdVfPtB,qJ22yRLu6vcf9K0L68kZ,,,,,
97LesVdbcDbsyM0mtafNGuYZIDU2,,Ternate,hmandala@gmail.com,wulan.adriansyah,EVUQVIBrTzDEs8t9IXAy,Nf1cdYmmnfYk8Vn0V08v,,,,,,
9QkheIOiRyMAqN4JI1IVLaeyr0g1,,Pontianak,kusmawati.maria@gmail.co.id,nirawan,cEfB58Rbpg94IZG6uapa,qHQbHbGS19Hx3Iv5d8RK,,,,,,
9hwyfQSwWxONSjc9czKk9BdUp8z2,,Tarakan,mulya55@gmail.com,reza93,8rkZrz3AsX2xbHYjDV08,W7V0eC37OB7mPq9sjQOC,,,,,,
9oaDnUw1UOYYyERb1aIEIonSMLA2,,Padangpanjang,hartati.rendy@gmail.co.id,vfarida,NolHhK6EQJ9RUcop2T6J,r9akd6SnJOSYBXsWoZQU,,,,,,
AFUbFUuKgnfH0VxqzF2PvDP7lFF3,,Palembang,titin62@gmail.com,kthamrin,SUsxo275OFz51KVuEUiE,yQZnzffBTILIEYEiTJIz,,,,,,
ASEDYjWfCyWJxJkbrUMpxpJ1EzK2,,Kediri,tmarbun@gmail.co.id,maryani,3i5srbuwiCDsTfVz3MPW,DdqtKvVJlj6PDG434a2S,,,,,,
AcXqdxD5czSrOOiW9ArIgolAV9U2,,Banda Aceh,gasti29@yahoo.co.id,wijayanti.karsana,ZSwd3RWQXQeRVbzcEWCo,wrSalwDHdh55aRM690DL,la7hqQ2aCWZw4teJQdIY,,,,,
AjTW5QraKVWs0nR3S1Ls509owxQ2,,Depok,maryadi.eva@yahoo.com,hwahyuni,EVbtDPpDlK6wBA6U5iY7,T1iTsg33YQ9EJKw4dAM0,1fI2AsboOWDnWYdGByLl,,,,,
AmptEHrjJNXRhN3c1nWlgXH8aZB3,,Dumai,puspita.intan@yahoo.co.id,chakim,aqOVzhFKCsWRTj8IoKSA,mbUz2ojdFslXxptrmBtl,,,,,,
AuCqz2HizpbHcfIW7NNqNhUn5wI3,,Jayapura,mandala.widya@yahoo.co.id,haryanto.opan,6TntLEgMWc3t4WzvnfJG,WgudcUTzVouJbBZ06KVo,,,,,,
B2nZIGPRbFgLKr3RGxHOT84szen1,,Bukittinggi,wwahyudin@gmail.co.id,zkusmawati,0mNeUgZG6Q7j9zLfU7zm,lF1w9eZkpJQHOTGQxWBP,sQJTUXfnPp6tfLzdPunv,1fI2AsboOWDnWYdGByLl,,,,
BGxLYm1sgfgEFNfI9FM0QsMlVXc2,,Serang,vsuwarno@yahoo.com,zfujiati,q3VEZScTYPBFGd34XNSA,qZof3tUtSmhBCdy4zbEI,,,,,,
BXThcmLFl7WAOttPa0NobNza1bv1,,Jakarta Pusat,usamah.darsirah@yahoo.com,maman.sudiati,64WGQJjgmSvzd8txiMbc,X0PBBHrp9LWexmsNKCLX,,,,,,
CCw0dY5DBoWZewgwD6tVuvHIFci1,,Mojokerto,rahayu.uyainah@yahoo.com,dono.ramadan,XQhY7e788IMJ5vBpxy8i,fozzbhVnQdc2jPveFetN,,,,,,
CKmn7V7f0th6InIXO6za9XtC4AW2,,Tegal,cwinarsih@gmail.co.id,gfujiati,68z5LE9PbSfgA1uCl87T,EBizS0XxxXQSgP1aV2Ci,SMr9VHjNWZSTiBWREwTx,,,,,
CSPeVcHoIVS9fOQF8FcnZWy8X8d2,,Palopo,rusman.prakasa@yahoo.co.id,tnainggolan,35Roo7nmE0aUI8NFoxrH,lBRRwop6SIrh4Yux54pb,,,,,,
CdVVuMpNGdWZjYN8HMbUKTE1stg1,,Kotamobagu,hastuti.cemplunk@yahoo.co.id,aurora.pangestu,7ZsQKM6I8F30Ug1k23pw,t8cpyopC5eEa3IWWrfb2,,,,,,
ChstE0MHPJSo9qeGevLJqNdbmpm2,,Tebing Tinggi,ira00@yahoo.co.id,mangunsong.michelle,Nq2S5wdHF4vWv1T53jsR,lOft7KeYXR5BF13TfUlB,,,,,,
CleJj6BMaTP5IENPZTusHy2nKKw1,,Cilegon,yulia.susanti@yahoo.com,himawan66,9lgyvyyRb68dCX8Lv5uw,BrYH6ajkB7f2dpgGkvi3,,,,,,
Cr7jkbtLXRdhCkvfDw6wkEfkz773,,Parepare,jmaulana@yahoo.com,hardiansyah.hasna,XrgUAliOJHmfW92h08Zm,uNF6bh5qaweZXmqRQCD8,,,,,,
CyT7tugAFANF5kIYMR86El1fKKz2,,Pontianak,okusmawati@yahoo.com,dwasita,0JE1MH7pqKZuiT6b9Nk9,x6gyDG7ffma427C9xgYL,1fI2AsboOWDnWYdGByLl,,,,,
D1vYdIPQnDeuuweX4U6BSBkx3c33,,Tarakan,nugroho.novi@gmail.com,wmaryati,0R0LXrbbtbrCfhnmrcCP,bwoohB9YAly2uYXMYaJL,1fI2AsboOWDnWYdGByLl,,,,,
D4oJi3J3fhZ5u90eKOqn7lzlr242,,Bogor,najmudin.rachel@yahoo.com,intan.wastuti,hmcG0UyDiZq8wrZvnfT0,qOkMj3XDPUff8xWz7z2d,P8yF6I2WkMX0DbKEGvGC,79hicPAJdnKHvzWYKMCv,,,,
D5fLMc1gM7YjFK5C1xxgCgZ2ydz1,,Balikpapan,vanggriawan@yahoo.co.id,uyainah.danu,RMvstCC7xmH5DMBjXiJR,mIS1RLG1AQYq5XYVRtl3,,,,,,
DLpAJ5aKjLMeoCMCusZEx0t6n2I2,,Jakarta,putri.melani@yahoo.com,hasta.maulana,AcvfdrceryWgAMmVKoir,LTSqVbEpiArGCASoemMu,ELSKDUbcQi2d8NIjcaLw,,,,,
DV3Dr0pAnsYSDjuMr4VtcoavuQf1,,Jayapura,gina28@yahoo.com,siska01,FZcajuUQJKtQEKiMaYxH,OktvmcRwLm1K3ZTr825B,NolHhK6EQJ9RUcop2T6J,kBOLzgaNpgqxurfhmZ4L,,,,
DWOp6czuqjMPpsj1Z8KO9zndnM73,,Ternate,mustofa48@yahoo.com,lasmono69,TRthZPkmGg328diKCYsI,ZynoteVNqnVkQzIjvcMQ,1fI2AsboOWDnWYdGByLl,,,,,
DhR76Vbdw5ThVtE9UZFLphlLQWG3,,Sungai Penuh,bnatsir@yahoo.com,darsirah.saefullah,3qYpFIhsBpnEju4gMLyR,gvXRdHUUWWSCLTHHLjUp,bwoohB9YAly2uYXMYaJL,,,,,
Dq1w6BavP4c2BqsEeKu4RrZC7s92,,Bekasi,permata.kunthara@gmail.com,snatsir,KHJFqIOVvhqc4Cg1jYey,YHbNPS8CLS8QzBjCv7oG,la7hqQ2aCWZw4teJQdIY,,,,,
F4TP8yv9xhZizhd4hTGKQ9C3ieL2,,Manado,aslijan.rahimah@yahoo.com,gasti87,JJ5yWyaNID3dlmySdObQ,QGSqLx6z13WjKfxF58km,,,,,,
GTNKZgSxjRYQeXBUgrySeb160De2,,Langsa,anita.sudiati@yahoo.co.id,cagak.setiawan,P7dbyJL7bBuTRK3ttR0D,kBOLzgaNpgqxurfhmZ4L,P8yF6I2WkMX0DbKEGvGC,,,,,
GwO60MARlLdmWglh0W3eUOZequ53,,Tanjung Pinang,lpermata@gmail.com,agustina.tasdik,oZzcWYhKMFeqg8p9KIte,qXuXRasjxPiCMGmBpT4n,,,,,,
HDXem12In1ZUJmPm53Cnc7Um0za2,,Probolinggo,saadat71@yahoo.co.id,hyulianti,A32gR7MeNX2pzNPTAboO,glzTvEw0KMxPuUX4RZJJ,bwoohB9YAly2uYXMYaJL,,,,,
HHLowqXNODV3AYCJsKkQ96mw1Ll2,,Tanjungbalai,kamidin68@gmail.co.id,samiah64,qBodxjfE5KrnF7Kyjwx6,rU7NM8EmLtcGODHwSbTU,,,,,,
HNr7zMc8dxSerzZIfnnioraWLO23,,Pontianak,cornelia.saputra@gmail.co.id,nsihotang,1TVOWbEOLt6JmW4YO9En,rtsD5x3kBONosskYZTUB,,,,,,
HWVPaICMx9Z3snRaxAeWN0XLV9i1,,Mojokerto,eka.sihombing@gmail.co.id,zizi.permata,Ux3SzhU1Q8QYVr40333z,cnAeWlVnNxMv6zumaQYP,,,,,,
Hd2YiBtZ9iPt2wZ7l883kRs8xbD3,,Lhokseumawe,malika.simanjuntak@gmail.co.id,sihombing.gatot,HV6WStmNwbwlpUTlsI9B,ZkobEBydGaEXWzkDEeet,,,,,,
HgmD0bP1W1YpSZua7J049kZCNel1,,Sungai Penuh,ratna.mayasari@gmail.co.id,gada.wulandari,ggTHHXySuGTHcK1zAT5X,rAVghFLTpQ4BGs2k34EC,bwoohB9YAly2uYXMYaJL,,,,,
Hmsep7fiZROUABHOTFOsjBhDJ1d2,,Gorontalo,mpadmasari@yahoo.com,elon75,WzDlGn7JDTJs6rVsIPXQ,gxRlD4HX8MFWWnSuHDCf,,,,,,
I8z05WpaFleuhmM8hLBWJgzdgDv2,,Sibolga,kalim68@yahoo.co.id,wuwais,6ivhCw6vGKSXPx2s4aup,stryXr7M9XVV4ZpdJbng,,,,,,
ISXUmXAp9zLV9G7H3hu93w1z0dF3,,Palopo,malik.iswahyudi@yahoo.co.id,mzulkarnain,B4Kat76hGIY4xu3KoFTq,pNge1zEn2Lwm7ivgrLnD,,,,,,
IaQgdAUlwAQ56eLZqJz10sp5CfT2,,Kotamobagu,nabila39@yahoo.co.id,yuliarti.limar,2uuF65ai3G8exGo7j2k9,cQmE4b3vrfBKWUvbEEXu,uZqddjEpeEXlBMiBMNkW,,,,,
Ifrv854dmuasPckFZCGGIVuEjbq1,,Bontang,rnarpati@yahoo.co.id,martani.laksita,LXwTwheD2GxitOuBcKjK,vPnw17ANVCDjp6XJCEGU,,,,,,
Ih64tjevNsQpCRR0PTgIdqNvdMU2,,Batam,gading.nurdiyanti@yahoo.com,manullang.ella,asq9DMAiQ0H0ApzlkqU6,fTGoYkFIWljDHv7Mhe9Z,,,,,,
IzJzWJtksoMWwPH4GN5yO5zwY3w2,,Surakarta,bsalahudin@yahoo.co.id,paryani,DYP1Ic5o1OdpRPyiDyeP,hFt13QVJy57gOhXAiwYS,,,,,,
IzlDcWuUvBavE7f5dW1sojxTPo02,,Sungai Penuh,malik12@yahoo.co.id,wrajasa,IKiE1xP1zHOldYnaTDEt,kt90PmTKX0JrRCJb6zMd,,,,,,
J5Qz1jgmq1bX3V9w5Y6MBqZ0JDQ2,,Tangerang Selatan,utami.adikara@gmail.com,wisnu73,TPjIps8SLfePe58VWSnH,ePjFkAlFhR5ygnlfHCxE,1fI2AsboOWDnWYdGByLl,,,,,
J9d23GgNsWfnoYdon8NLAKAK2PC3,,Serang,irawan.mahdi@gmail.com,uwais.kadir,EStq02WBt4c8BOnXREVY,O66wphE6ujGOdsV38xn3,0R0LXrbbtbrCfhnmrcCP,,,,,
JeUu4nt4wlX78ylf57ONJEwjvDg1,,Tomohon,ratih.maryati@gmail.com,irfan54,1xZ9KVbS26wb3vsIxy41,5UDLLGttcdYvBXGMUeql,uZqddjEpeEXlBMiBMNkW,,,,,
K1ZUlyXphrSqAOHA74DdROtK2sa2,,Lubuklinggau,cici.suartini@gmail.com,cakrabuana.wijaya,BAnxeGOf4vELrUwjkJxw,OS44D6hNohJ0Rd2XfYiv,0R0LXrbbtbrCfhnmrcCP,kBOLzgaNpgqxurfhmZ4L,,,,
K268J6BAVCWfeHt9DQnsSbd518s1,,Tegal,xzulkarnain@yahoo.co.id,yessi49,8wsnpvhW28LhJ1XEDhtG,Wl0LcQoFfH0M9r8JMGQ2,gEi36Uqo16TyKuWjOG3F,,,,,
K45dShsUCGeoS2yUUmSoeOJn4PC2,,Palembang,warsa.permata@yahoo.com,nurdiyanti.icha,2X7l3Uc8EmgtE0BP1zeX,ZBq5BlMBhWUyD5ub20GH,uZqddjEpeEXlBMiBMNkW,la7hqQ2aCWZw4teJQdIY,,,,
K5UYVa6CHkTHPmHdHSsmKz7JnFq2,,Bandung,clara.hassanah@yahoo.com,nadine.melani,JQRSnkKEEYApA4BqZ7Zy,lHcM4dI1ty7UeVXiyrsE,sQJTUXfnPp6tfLzdPunv,,,,,
K8WT4tMRZeh4UA2c73TLnxJJGbf2,,Pematangsiantar,dthamrin@gmail.com,siska37,Wtu82mMiRzp2wMZEKVs2,sQJTUXfnPp6tfLzdPunv,,,,,,
KHo9S3qglSe3h2YcoKzEu1HCPn82,,Banjar,najwa.yulianti@yahoo.com,mandasari.oliva,FrjE25w9Iv94fYTtONKc,Xf7csA28DPSm0ytry152,qJ22yRLu6vcf9K0L68kZ,,,,,
KrFRfyH2KkelmQ9yiIBI9ZvG4UV2,,Tual,wwijaya@yahoo.co.id,putri74,FrolZy0m1kOH3sxonBtb,YN8V3OSG54iszaLV07s0,qJ22yRLu6vcf9K0L68kZ,la7hqQ2aCWZw4teJQdIY,,,,
KrYRYXKzh5ZIvni7rz4ZoCoux0A3,,Yogyakarta,wulan.wacana@yahoo.com,icha.sitompul,6EpTTsbhuJhjpSTDgJSg,Xfx8Lqefh2HX1BcXm0cG,,,,,,
KtUPvfnKHePnIS1QoazDd342uVi2,,Palembang,ymustofa@gmail.com,jmandala,5UUwJxWM7RFH0GfWWuom,mLBO91hi91tAvs40Ydad,,,,,,
Kv1tMp0fqWRNqq99sdH0YdtW4R12,,Tangerang,puput18@gmail.com,unjani.rajata,kEJiFZhJP9LUYtpHVQVW,uZqddjEpeEXlBMiBMNkW,P8yF6I2WkMX0DbKEGvGC,,,,,
Kw7DY1QkqaXAdk7DWiRNEs4ScSk2,,Bitung,irawan.cakrajiya@gmail.com,lriyanti,63a7RTMFSBcsD7CZ7kaW,eP8XmXWODcmjxb0kYJJV,,,,,,
L8ksxsOICUUH9EQ8AMhb57ITJ1Y2,,Makassar,jelita46@gmail.co.id,tsetiawan,EtrqU3gnfgrH8rNHIg6n,v7uFHVdCnZ9ftAldi8Nk,,,,,,
LSqKysf6FPY21E12OUESuJu4YLp2,,Tanjung Pinang,harjasa07@gmail.com,gatra71,FTmtDBonrmrNzsSr3ldV,NolHhK6EQJ9RUcop2T6J,,,,,,
LTqZVknLDsTEKSri8j6n82OPnl22,,Bontang,bakidin80@gmail.co.id,lwinarsih,hjcMgVjl6Nwz2nlscitT,P8yF6I2WkMX0DbKEGvGC,79hicPAJdnKHvzWYKMCv,,,,,
LcnwbDp4YiPGtVxNOYHVxjx4UoD3,,Palu,mardianto@gmail.co.id,hutapea.baktiadi,MkL81Uxhmu7XUq4SMIlT,,,,,,,
LdlXcJHw98VHCIakXu1SGGYN16I3,,Denpasar,salimah60@yahoo.com,riyanti.ulva,UCYsNVg8dFEHmOYrJhYL,1fI2AsboOWDnWYdGByLl,,,,,,
Ly21rzLx1rcSNcRgBeYCDSMytcV2,,Tanjung Pinang,qori80@gmail.co.id,pardianto,6Pun5eaD8stSzADWC90N,,,,,,,
M47VuFsJ97TlNZVQ1f1pR897ndd2,,Palembang,uyainah.saadat@gmail.com,zelaya.aryani,QZF1mHExKYPbxSKCJaXb,,,,,,,
MX8rt9873SWCKfUTlasa6dYth7e2,,Binjai,victoria95@yahoo.com,jagaraga90,12Pu4tP3CYJ9mKUR51ji,,,,,,,
MfCrDW7mWDWWOFgZmNmhB2ILbGQ2,,Bandung,nadine.tamba@yahoo.com,aryani.kamidin,PUuEMANty1Cf1UvJTUBF,,,,,,,
MfbU6pgDbRWy2EmiBL9slm0eByc2,,Sabang,simon.dabukke@yahoo.com,trahmawati,82sdHBNWhY5RxzOzgAH0,,,,,,,
MuQrr94k9iRvAr4X1zBFvizANQy2,,Serang,iprayoga@yahoo.com,faizah.kurniawan,qoPdXgXZ0XX5rDfXoBRL,cQmE4b3vrfBKWUvbEEXu,,,,,,
MxAwPBxkXrMAvL90pCj1UkPt2ET2,,Lhokseumawe,unjani.thamrin@yahoo.com,jayadi84,UnSKN6gRF9c9XlHbIYYA,,,,,,,
N2rc66MYfycBhPjJ6UtdbotoWKT2,,Banjar,kamila45@gmail.co.id,mangunsong.dipa,MjG0wJpEyGYHpY9zbodM,,,,,,,
N2sRTyO393Qw4npjWHG1UpaJ5i13,,Surakarta,santoso.najam@gmail.com,harimurti.kuswoyo,HC4M6W7qC02OEhzl8ilv,,,,,,,
NGg9TxcVjaeZzMgXEj6Z8EPrFeb2,,Jakarta Pusat,handayani.pardi@yahoo.co.id,ina66,H4wKxmObSflTCtnSp7F2,,,,,,,
NJqhRIULZOd7IL5rmNAxD89wCfo1,,Subulussalam,paris.puspasari@yahoo.co.id,wibowo.faizah,qgZXe40k0VgeyC5aYAu8,cQmE4b3vrfBKWUvbEEXu,,,,,,
NOfvhWeOEQVNIz1tniCM3CzAmp32,,Padangsidempuan,nova.oktaviani@gmail.com,darmana51,M6eCLp8oEBBxljhuVc98,,,,,,,
NOygguN6yabvu3DtqM6NmYCp9IH2,,Palangka Raya,tpradana@gmail.co.id,hdabukke,pq5dTX7pbnyGxDPIZTbY,,,,,,,
NQHQ3xeWlHY8Veb9YN4iIVmJYTB3,,Padang,vinsen50@gmail.com,purwanti.hasta,WYhO1RxuEcSGU6kylU9Q,,,,,,,
NXgCTpHWLwNQ395taku0oEgtPks2,,Cirebon,diah.widodo@gmail.com,bella38,bJ2aaM8Xpryi33yMi1yI,,,,,,,
NigC7Ylysxdx1Kvq7v1QCxhVp062,,Lubuklinggau,waluyo.mahdi@yahoo.com,amelia92,6kL8MW8BW7BhfRN6Fv1L,,,,,,,
Nz7brKKumwaySlBlJ3ouWEFukil1,,Singkawang,waluyo.mursita@yahoo.com,amaulana,QNOlroQFbMwU9odBNvHW,,,,,,,
OKkr4Otr4sh7eJZX0iHAm9EIG1D2,,Surabaya,hrahayu@gmail.com,riyanti.nasim,sFBjZw174heET5opGeUk,,,,,,,
OS19HYvFQbXDzKFLRNrUa41aqwE2,,Tanjungbalai,usyi.utami@gmail.com,hardiansyah.kusuma,2zDrkDZjgXu264g6dAgY,uZqddjEpeEXlBMiBMNkW,,,,,,
OZYgLJ7QVIQ5xou3lE6kwCsU8o83,,Bitung,kmelani@gmail.com,astuti.cinta,t6mEta580hsoSaPkNJ1Q,,,,,,,
OiprOl8ey6Rl1LvUoR3AO9V8FdB2,,Tomohon,padmasari.kezia@yahoo.com,tantri.saefullah,DdDDJ5VwipcT8Zu4HobZ,,,,,,,
P7WUlmUbzSRTJFyPkp29NuAnrur2,,Palu,prayitna34@yahoo.com,kania.pudjiastuti,dvT3wKzpYYdS48XQniwo,,,,,,,
PA7pRTPYklfYBqp4xK4gd5ini5e2,,Cilegon,nprasetya@yahoo.com,yessi28,muCPh8q37dgcm251DzPH,tUJp5lLnwNRPInRS6U70,,,,,,
PAt4my416Db2bMVS1z3qG1bzWI82,,Bengkulu,kuswandari.salimah@gmail.co.id,jefri.puspasari,7rcrcTfcdUfOLAZxGJHN,,,,,,,
PCdAKwoUvTUnZK38hpLK1CZrpxJ3,,Pontianak,hakim.cindy@yahoo.co.id,ajeng.mansur,kJhaGt8IRjwk3EMKEOyK,P8yF6I2WkMX0DbKEGvGC,,,,,,
PEiFHNoZdQfXoo6JLd98Bd76aMM2,,Balikpapan,sitorus.karsana@yahoo.com,mustofa.bagya,gEi36Uqo16TyKuWjOG3F,bwoohB9YAly2uYXMYaJL,,,,,,
PGTRGlZE29YFGnAyEx38sKEtu7s2,,Tanjungbalai,nabila.santoso@gmail.co.id,sadina.suryatmi,p1qncY3B3FlituH8l2rs,,,,,,,
PMdx99Pq3vTcsCAa7uvoZwU6oFP2,,Makassar,wahyudin.bakiman@yahoo.com,dmaheswara,qGlKC3w2rLqT1T82B1IW,,,,,,,
PXsjSIZlvSMrDzak4HXOt1dhkUF2,,Banda Aceh,panji17@yahoo.co.id,sarah.januar,ZWt9meOQFPFcHabXNdyU,,,,,,,
Pa7aph37IKarUaIfcnAORjhYMGe2,,Solok,lasmanto.nasyiah@yahoo.com,juli69,Pstx1aTZkDGI9YCrmfcU,,,,,,,
QJFKwO1ogZdR0kVysY0Gc8UZlrU2,,Ternate,szulkarnain@gmail.com,wmandala,P8yF6I2WkMX0DbKEGvGC,,,,,,,
Qg1ZgMsORId1dStXFNLMlYeX88j1,,Bima,cpuspita@gmail.co.id,karen42,GbtfqDmd1Wcj31IkXaKD,,,,,,,
QgcpyTN7oCNGG2IOx48n7yIVJS23,,Payakumbuh,septi08@gmail.com,jabal82,MpMk8etPA0zFIkYhzMR0,,,,,,,
QlpMBVczRDRRMhtwsa9xVukbHeg1,,Batam,opurwanti@yahoo.co.id,ratih16,8FJ1UB17FtaM9jxYzYD1,,,,,,,
R02dLfKlk2U3vfZp69Gbz5Oez613,,Kotamobagu,emas71@gmail.co.id,ivan.tamba,D7qW41vJNaa17VJQc0oR,,,,,,,
RUizYsIUwZWtv4sqGH1NpTyYMCf1,,Tebing Tinggi,novitasari.embuh@yahoo.co.id,hani01,OdmEC75fKlmfut9dj0qq,kBOLzgaNpgqxurfhmZ4L,,,,,,
RUwNXxk67MWsKZJeiS7eQuxZCkw1,,Batu,putu.hasanah@yahoo.co.id,hhabibi,EnRfNgdZ5Fe5rumA6TtD,,,,,,,
RW7XnFqrSAPBbYHcKjLpeUabco72,,Sawahlunto,phartati@yahoo.com,pradana.agnes,s4GCaxDyIM6V1TJChV5J,,,,,,,
SX0Lv4qNkDPvPTgUw9gM18l0AuK2,,Bengkulu,uchita17@yahoo.co.id,fmelani,UTi1xeOC27CMzndeFgGW,,,,,,,
Sgvv6kPFxHeV3uz7W7cLBYdbcmz1,,Yogyakarta,rajasa.harimurti@yahoo.com,marbun.raina,KW8GCgI5V0tskPNucz3j,,,,,,,
ShMMfeMOwYg6dSbkJBJxb5Kwn2u2,,Jakarta Selatan,andriani.ani@gmail.com,onovitasari,EW3X6gZbUAbcWb2BYM00,,,,,,,
SuuHeHwskggLhkcHLwkHVPcZwFv1,,Palangka Raya,dipa32@gmail.co.id,laila.astuti,mtUVdyFtzrvzH1lCdSw3,tUJp5lLnwNRPInRS6U70,,,,,,
T2qCP1yMaYOKcPgy2NwSF86UIF12,,Gorontalo,szulaika@yahoo.co.id,digdaya29,h5yZTmIHmT7VM85nVjcI,,,,,,,
T3knShMC1NTtdvabiJOEaUdQUtP2,,Magelang,galih69@gmail.co.id,rina85,RAmLKtrwellv5WsR9L13,,,,,,,
TT2mVU7p6EM1cvd0HXjP97B1zY02,,Palopo,surya03@gmail.co.id,jaeman59,waHAXn03ztlcDENVZitT,,,,,,,
TYomenSjvzXea57rLB9eugJI4Aj1,,Jakarta Pusat,wirda46@gmail.com,rahayu.surya,KUHRovQu78IsAf0Kjhe1,,,,,,,
U8KFd9SCMDTrrfjnUBD1HVT9m9G2,,Medan,hamzah.puspasari@yahoo.com,elvina58,kRjt9e1piQIloRXu2IvX,,,,,,,
UESUj3sGsvOSjpcRHk5M6EkHT872,,Probolinggo,raharja.prabowo@yahoo.com,vega.wastuti,zJgx4FpyThrCcf46ylMF,,,,,,,
UM07TSRIvUh8qxuYRmNxKK42brU2,,Palembang,yuliarti.yahya@gmail.co.id,safitri.zahra,de1NUIuo88OnZTSV8V4J,,,,,,,
UXEFfisnYKf0jnKSgXB3EsqssB23,,Padangsidempuan,bajragin36@gmail.com,nurul.wibowo,u8zC9oWzXGSaoKGdJ2u3,,,,,,,
UZK8mSrphcWOEytDElF3DT91VCO2,,Jakarta Timur,dinda97@yahoo.co.id,mpalastri,2um8LJJFxka5BlyZyG3D,uZqddjEpeEXlBMiBMNkW,,,,,,
UcW8b0M7kVdqWNiRXWjAuC6xp5P2,,Bengkulu,nrima40@yahoo.co.id,zhalimah,sY0pNp4JWgK9qPvw0NJL,,,,,,,
UgOf4HHodpaUKbgoDt3htzvFqZ32,,Depok,sudiati.opung@gmail.co.id,tiara70,msDIapbSdL9K6PbBBxmY,tUJp5lLnwNRPInRS6U70,,,,,,
V012JjhLQ3RGu68LIZT782byCwl1,,Tasikmalaya,kasim86@gmail.co.id,queen.astuti,tdRnWNBcdPXIK1OG6M0q,,,,,,,
V3LyjFG5QXZwhkDVNKc7LQMSxNg1,,Mojokerto,yiswahyudi@gmail.com,msihombing,lwFRTg7FibxmdZt7Kl1x,,,,,,,
VHsYWJxqzlRN7ADuNqizgcTGSq82,,Surabaya,lpuspasari@gmail.co.id,caturangga.wasita,ewd6Xnqfk7jkrWhzocT2,,,,,,,
VP5fwLYm6fVfQ8qzsJ5vniRDxyf1,,Bekasi,rmandala@gmail.co.id,gpermata,t46Zi5KCH7vq1NmZT9Bd,,,,,,,
VUZaWVxVnPbfI7fZjz8F9Eiq9C03,,Banjar,halim24@gmail.com,nugroho.mahdi,xnvZmWJORce901r34ERK,,,,,,,
VgZBi76vkpYwF3r6xyNuJPaOGUH2,,Sibolga,dartono.hastuti@yahoo.co.id,alika92,Kq2ceNvbeDf9Mh3jTuWU,,,,,,,
VqIqtVcfCjThV9guzKPc9Wg0Um62,,Jakarta Selatan,dabukke.warta@gmail.co.id,rnainggolan,2f7r2NJd7vjhVQcknZCU,uZqddjEpeEXlBMiBMNkW,,,,,,
VqROqScNywSQPiSsnl03P82k9AZ2,,Bontang,kariman.nugroho@yahoo.co.id,lukita.mangunsong,d4yP1wQXfiUfDSwZ2PA9,,,,,,,
VvYs1Nkad2VtziFNHT8DfirnzXO2,,Binjai,aryani.violet@gmail.com,capa53,gM1aJ3EAYQDgJB2snMYw,bwoohB9YAly2uYXMYaJL,,,,,,
WMum8sahOPOx1eEfDBjAeGvaYku2,,Palembang,maryadi.lulut@yahoo.co.id,kartika.mardhiyah,y6D7OUrhDDfFdAPv40Jm,,,,,,,
WikgB25HureMS0qocbUFG7cZb6m1,,Solok,akarsana12@yahoo.com,wakiman.sihotang,cOeaOqwtca4TloVp5m6b,,,,,,,
XQ2nDFZPNdcIyfO1aGGJmEXwSGM2,,Pekalongan,tsuryono@gmail.co.id,zulkarnain.kemal,HcMgDGtt9M3gYoEHewLe,,,,,,,
XVA4sJth9ASzuf2Vz10s7SafaQy2,,Gorontalo,bakda61@yahoo.co.id,handayani.jaiman,NQ1PuxkAM1HPjyUqHik6,,,,,,,
XVx1slw1p9S5sQHbdQFb2QvFAvu1,,Malang,ilsa.pangestu@yahoo.com,catur11,zM0ar7XkCszG3PUmbO8V,,,,,,,
XWxSV4NWzvdDw5hjFvD0m2hY8v23,,Palembang,mlailasari@yahoo.com,gunawan.saiful,gxGCv102NAEcjiGM7xfT,bwoohB9YAly2uYXMYaJL,,,,,,
XvQ41pBQzqTFsBPbH8BJYxTbnEA3,,Bengkulu,natalia66@yahoo.com,nasyiah.wardi,OyaAEBOABxQ5KRA6JRfH,,,,,,,
XyelKDDobKRFkNKAIb3JB255v7s2,,Tual,mmaryati@yahoo.co.id,kenes91,jJW44qsaw6yIy9NoJnbS,P8yF6I2WkMX0DbKEGvGC,,,,,,
Y0CWhxhTCZVTYsI5btweLGGZ5No1,,Sorong,suryono.maimunah@yahoo.com,rahimah.iriana,ZdzqzfNrouV2cId7b5Q2,,,,,,,
Y1Lqc91tmbXJPgbxk7RMS6sDbur2,,Tidore Kepulauan,wahyuni.hani@gmail.co.id,rpermata,sLS4KgtnqkGV4tyOuOwa,,,,,,,
YcFXb4USf4ZjQQByWCmWz1sUIc53,,Mataram,mhariyah@gmail.co.id,cornelia.ramadan,EVPODPqZuH48aM8caAzi,,,,,,,
YnhXq8a1wQXRgKZukfI1YB9wt7p1,,Madiun,rahayu.dabukke@yahoo.com,permadi.dalima,veZCeZdEcWUYNpWq2oCF,,,,,,,
ZNikRaTSB9Zo1JneUVLLumE3Uiu2,,Pasuruan,putri44@yahoo.com,melinda82,FyOo5TrlCNdnxzhRq8kP,qJ22yRLu6vcf9K0L68kZ,,,,,,
ZXb3fmxaJxcDmlUo2DQqXTidalP2,,Kendari,nardi.ardianto@yahoo.co.id,kusmawati.jatmiko,F0BTjiQU2oLXu92koRAI,,,,,,,
Zg9qT5sOuNOB7IGHSbI8BSA2rCn2,,Bontang,unjani93@yahoo.com,carla12,1WChz3Ka8F29pgpVUi4I,,,,,,,
aC1bo18c4IYi6aeIvxLUOXzwgcM2,,Dumai,talia66@gmail.com,ami59,rppq1NomzzRD70PH9hVt,,,,,,,
aILgxuxNCSTdgNxosvQFmjPtKT03,,Cilegon,ljailani@yahoo.co.id,ewasita,ISRku5PsBRfjQRROlV9r,,,,,,,
aRFGhtGRnGbeHZ9uNhFhqr6F9Rh2,,Kotamobagu,ilsa36@gmail.co.id,ratna.hardiansyah,oZlikNS9mA5x6IqGh19z,,,,,,,
bJOkV1BQDbRVGeGZsl6mk2rymPm1,,Tegal,nova.rajata@yahoo.co.id,cici77,hKd7Z2LPlRtcvXvxUN01,79hicPAJdnKHvzWYKMCv,,,,,,
bP4YHIOF5gXMUk74DNDhLbOfR0G3,,Tangerang Selatan,ellis97@gmail.com,hidayanto.puput,2SDXH6RKrvQAgzrsrlHl,uZqddjEpeEXlBMiBMNkW,,,,,,
bam43nCJqjeStjV5qWQZujHjMa22,,Bogor,widodo.gilda@yahoo.com,psuwarno,M5RjLPEFK3xT7IJD4aZi,,,,,,,
c1Kw37nSF5YOME2JiRYNr4iw6Gr2,,Serang,xyuniar@yahoo.com,humaira.pudjiastuti,9WGcOJ7GlJsAYD7RXH4E,,,,,,,
cYjahsDk04eOVJ6VdUvm6x5cOHB2,,Langsa,tedi99@yahoo.com,haryanti.kasiyah,Pc18ZAN0nVZOEvN1g1MQ,,,,,,,
cZCUNzRmOMh2sdf05w1iAdQCP482,,Padang,rajata.tari@gmail.co.id,palastri.wawan,UfcgGnANv7oEoze8ctiS,,,,,,,
cgJEjz3CpBd6rAjSDbFli4tEyN13,,Bau-Bau,widodo.genta@gmail.co.id,hendra50,PY73fCxXbjBe2XjOioIm,,,,,,,
csdblmzRd4WdCexdRQOwwyR9Ivx2,,Palu,dirja.mandala@yahoo.com,onurdiyanti,233HkKmghtewpKkAOhn9,uZqddjEpeEXlBMiBMNkW,,,,,,
dTBFiQzlChhNWIf8tidwinwE7rz2,,Pasuruan,tampubolon.cemeti@gmail.co.id,dwinarsih,FVph2Lv7qFtKVglDIpi6,NolHhK6EQJ9RUcop2T6J,,,,,,
dWhCC9WDSmXFSShLJVj343JluIZ2,,Pariaman,azalea.wijayanti@gmail.co.id,gnugroho,prw9ybBv7TnQJjOEKvJF,,,,,,,
dkNGxLoeLdPzb9KwP94SbwARzuG2,,Tasikmalaya,halima11@gmail.com,prabowo.yance,twV6WPp89OB4WcESCz60,,,,,,,
dke83TubcZbIb1i0V9dsV6BnvU53,,Kotamobagu,fpranowo@gmail.co.id,wulandari.nyana,6PL2VbKreQjc2omIw5MS,,,,,,,
dtH24MJQKtXyPcLVHaf1shaxWJM2,,Payakumbuh,zamira28@gmail.com,wahyu.habibi,fPx04wTC6n5cX263xUXN,,,,,,,
eIld1WDgrJd9gRovFroT9BExlXS2,,Cilegon,qfujiati@gmail.com,dalimin.farida,PFxHMmPq5w9lbqWqw7Tn,,,,,,,
eKE7vq4WEubNxBWe8QtxvaSMoCv2,,Palopo,fgunarto@gmail.com,wijaya.gandi,4ESgZ3lqgU867iZNb1Vh,,,,,,,
eYg5t5waafP2cuLtjMKisRBodep2,,Sawahlunto,puti63@gmail.co.id,tira16,VOLKrMoUUSUo4diftEuP,,,,,,,
emyGm7W302Mib8UPmOQCg4Sxups2,,Surabaya,toktaviani@gmail.com,yunita95,32sVMbIqPGnSBVi5latu,uZqddjEpeEXlBMiBMNkW,,,,,,
esn54MnbFZTsob7l3RyGTydsxEI3,,Madiun,prastuti.yusuf@gmail.com,akusmawati,xMuFudGLmujdLSaNPgH9,,,,,,,
evNqyrq4rQeRkC14jayHkeQW2j22,,Jambi,sihombing.jaiman@yahoo.co.id,thalimah,kKSsDCVAQTYEabu2INmF,,,,,,,
ezkPCnIv9eQPzllJxfNHKAsRnNy2,,Tomohon,pangestu.cakrawangsa@gmail.com,yuni.ramadan,9cYl4Y8MtTokclSi2diU,,,,,,,
f12tH2Q1lTYyl4Giv7kmmFwwlz93,,Tanjungbalai,dasa.gunarto@gmail.co.id,zahra97,GE8DsJZt93k8YpMYyfiF,qJ22yRLu6vcf9K0L68kZ,,,,,,
f5BeKCIotuQXTreDgY5FVU5HlCT2,,Jakarta Timur,simon75@yahoo.co.id,winarsih.gawati,qJ22yRLu6vcf9K0L68kZ,,,,,,,
fFhwJ8f1qVawzdpbsVJxi8R1ilk1,,Kendari,skurniawan@yahoo.com,vpermadi,SscEavrAKsxW60afWPSV,,,,,,,
fMNDtvglsFgaeaHrn94WU6KCn242,,Surabaya,paris59@yahoo.co.id,mharyanto,XqXUKgRKi0wW6pLazzGb,,,,,,,
fRCTDV0uOlQcP2zzwnwPmDwJsh13,,Subulussalam,yhandayani@gmail.co.id,baktianto.mardhiyah,rdpfW8Eb2RRbEsOjqTjC,,,,,,,
fbeAUZQ5UXbsffKzDFnwlLYMVxi1,,Langsa,qprasetya@yahoo.co.id,tomi84,25GgE3R6YKwijP8ho0sA,uZqddjEpeEXlBMiBMNkW,,,,,,
g2pufFGb6mPTQYMyM9NwBYSyilu1,,Banjarmasin,lhutasoit@gmail.com,mulyani.humaira,yIJxyu0IptmXqVgn1lFX,,,,,,,
grxDodhELLQf4vRfzYErfThzMQD2,,Tanjung Pinang,nova96@yahoo.co.id,melani.danang,Y2w4zoWvtp8zMXrU3iEc,,,,,,,
gulCrNa2zsfge0zOmswbVeNc13j2,,Ternate,makara.prayoga@yahoo.com,winarno.martana,oPvmt5Xe2Ucbxrg238YY,tUJp5lLnwNRPInRS6U70,,,,,,
h5JbTnVwpebMnqc5noGp5rjomjo1,,Mataram,jindra35@yahoo.com,nrima41,AY03hJkALU3etVG87CT1,ELSKDUbcQi2d8NIjcaLw,,,,,,
hOPO5osJqEfzt3RvOBCNKsJBdUo1,,Batu,sitorus.ophelia@gmail.co.id,mfarida,SsNa7PTZtWUviIVCWu77,,,,,,,
hmxUTfKzx1WLRnrRomjlpAg8AL03,,Parepare,kiswahyudi@yahoo.com,najwa89,aB4MTAzVT8dUEzfeUE5u,,,,,,,
hqISwQ4sbQVeNlAC0Etyy4q0Mk92,,Pematangsiantar,banara.sihombing@yahoo.co.id,daniswara.haryanti,pJmQYDidTHpCplLfznKq,,,,,,,
iDpejGrND1dDEtfYntEwzOICeT12,,Jambi,devi.fujiati@yahoo.co.id,fmelani,rKeo259xcnfP1lwBWEwg,,,,,,,
iMSP8dbirngp8xcsUoLwrSSY2TY2,,Pagar Alam,puput.andriani@yahoo.com,ika26,e7jEF5E8aimJjwTfy0JY,,,,,,,
iZRXRr5O6gfeit6mkZQQNF1BHFp1,,Manado,baktiadi.lestari@gmail.co.id,mangunsong.rafi,J8LDt1yafToj2x6amYPF,,,,,,,
j9jYtEnFguX0lkvMZ9RRNNdP2eV2,,Lubuklinggau,ega.mayasari@gmail.com,latupono.eka,2aJZQvpEfD7J59IzLvSh,uZqddjEpeEXlBMiBMNkW,,,,,,
jZSTZ1rTBVfqrSXnWmlnQ4SJqZN2,,Surabaya,dinda.purnawati@gmail.co.id,tomi.tarihoran,hGpDsFY5GFRod3mz36ST,79hicPAJdnKHvzWYKMCv,,,,,,
jbJxJinyQkO6RiW6ZPzL4s0voQ53,,Metro,eka.ramadan@yahoo.com,estiawan04,vFTLse2STtEfVBeGcgCy,,,,,,,
k0ldNmSgNKe7uRoleQb1Q9ObKkA2,,Ternate,latika.laksita@gmail.com,umi80,9SalTwY2MPLTLn1g7Hsl,,,,,,,
kAuMYT7XggbGDaaQj8qS6mfFnHF3,,Tanjungbalai,esihotang@gmail.com,lestari.icha,s1a5rZ2lmJp9MwuabKZi,,,,,,,
kDl9tuun0GUg4h2D2XIiNcMLL6z2,,Kupang,ldamanik@yahoo.com,dewi.hakim,469p5idpqNEOw40bg2aQ,,,,,,,
knCxqInbbAhixCr1b0dHA5PI6uN2,,Lubuklinggau,vega.palastri@gmail.com,ina78,CVkOePiXaIH7cBBtT0L9,,,,,,,
l4BjKzOirvVA8viBLm1qqAUff992,,Gunungsitoli,mharyanti@gmail.com,waskita.asirwanda,pAf8LxzeHkcp9WWIKXQb,,,,,,,
lPpl6W80pyZRN94fs3srvVr5P632,,Bandar Lampung,samosir.gangsar@gmail.com,bakijan87,Fo6KMwi0tEzt7Hd88F52,qJ22yRLu6vcf9K0L68kZ,,,,,,
lV03Y0KVVnhyfH0dp2eqlfLDEuk1,,Sorong,ymaryadi@yahoo.co.id,rajata.mulyanto,opkTwiXPWzoCGsVn109Y,,,,,,,
ljfkqKKDZJQf7duN3OUTDDkrjK22,,Pekanbaru,tnovitasari@yahoo.co.id,jessica09,uL17I1OfkMsts7OejAOa,,,,,,,
loFv9DdwKDTJ2wveVPOm50z4vYS2,,Semarang,naradi58@gmail.co.id,juli.narpati,NMStp5O2J1nvQZ3duJe6,,,,,,,
lpNrOtp8P2TpZavrMpEE2mcWY972,,Bontang,natalia.safitri@yahoo.co.id,johan61,NCon3r7yxi78yKFRqqdl,,,,,,,
lpbO7QJByjgJLmjCPcLf8WO0JmD3,,Makassar,dmansur@yahoo.co.id,pangeran.susanti,JeAegcBaQiGzO5IRwtjR,,,,,,,
lrP9K4uPQedtTZxg7KNA0BEuTLg1,,Blitar,tampubolon.ella@yahoo.com,wibowo.ida,r2rJ1jLLgz86sFO92LCZ,,,,,,,
m22eSuVkV4g3XfgDObGfVVNO6bA3,,Solok,rina73@gmail.co.id,ardianto.estiawan,cOr1LYmUll9whCnJD9q2,,,,,,,
m9AltMtB1lcOWrm8lxCEGMdlvTq2,,Sukabumi,slazuardi@yahoo.com,rnajmudin,2bRjDa2lWsZ4Jm3VN6H5,uZqddjEpeEXlBMiBMNkW,,,,,,
mTf3rRI6CKZxQzaATbD01MyrKun1,,Palangka Raya,pradana.mariadi@yahoo.co.id,wacana.sadina,MzBqZA5mTNFWWV7szlrq,,,,,,,
mV7wELl8JxhmffhHKoWDVHZejEm2,,Serang,fsudiati@gmail.com,awacana,dZewjGU2bXF8vX4O8R34,,,,,,,
nCCrDWxhYhOcjGj5jhdu9jt0WEp1,,Metro,melinda26@gmail.com,michelle75,6w3jyTgN2YmDH2qMGREM,,,,,,,
nR3NotLeTZUcT1t38L20L8N5piw1,,Tual,usamah.hendra@yahoo.co.id,sadina.yulianti,ltqIbGvCBPJs2eqibhj3,,,,,,,
nXL1tawuE3U9OnDcrw2cOA8EIom2,,Prabumulih,lsalahudin@yahoo.com,mprakasa,uSQWYB0GWSWujdo4DD3H,,,,,,,
nfEWvWESVvPHzhCNRUXNQePKE373,,Pekalongan,padmi84@yahoo.com,febi19,p7rve45UTHjMRrBA8SAS,,,,,,,
nxF9yNDGtaY55VTiIbUcPIspgRS2,,Jakarta Barat,thamrin.elma@yahoo.co.id,marsito40,v6EQ9JvSBPTfNPeXvB8j,,,,,,,
o2BDnHfNxuNUYzSLA7xuYI82Gzt1,,Sorong,hakim.harjo@yahoo.com,prastuti.carub,AsnbHB3t4vNhoOcnUqTi,ELSKDUbcQi2d8NIjcaLw,,,,,,
o4QhFjGeVqbXQnCn4Dq5Pg4RyP82,,Pasuruan,hamima.firgantoro@gmail.com,sarah.marpaung,lTxw9EAFWbfU44oaExzq,,,,,,,
oT3ZdVqufjUTLckSJFAK2GKSony1,,Kotamobagu,nprayoga@gmail.com,sakura57,M9EFnP7xkF7kqTxLNmvp,,,,,,,
oUgbX9pYvzbHIMTHowrgUwHEG9D2,,Jakarta Timur,smegantara@gmail.com,usirait,d9aIptgR7V4LB9aGWLxn,,,,,,,
omTazEgKC3gZXKPEhy3WUkmN0lt2,,Pematangsiantar,suryatmi.raden@gmail.co.id,rpertiwi,la7hqQ2aCWZw4teJQdIY,,,,,,,
oyHmmR6Vw9UTi3HDji2oN2qwGeR2,,Jakarta Pusat,ulya76@yahoo.com,efarida,PmwXULObOpcr2UJzt7AX,,,,,,,
p6icbXyxBjartnTGUMLouzjqimR2,,Padang,wasis.wastuti@gmail.com,manullang.rika,rUhPQanIC407Q5KkxUai,,,,,,,
pDOSYwI9eNPQg8gEicGRNvwAi1M2,,Padang,osimanjuntak@yahoo.co.id,ian74,IZ61JUYxZ49AZJnyDRbe,,,,,,,
pLL9Uxc3LZPGuNq1vCTDDKgPRf83,,Bukittinggi,vprayoga@gmail.co.id,anggraini.intan,VpFEBarbWoy45oorRHkx,,,,,,,
pYn7k3sy0bP3PyUQpnXnZXMrwTf2,,Jakarta Pusat,ehastuti@yahoo.co.id,asafitri,D36Un8uegclrBJWltGpY,,,,,,,
pmGwHqI4tcg8M9dSFOGLSMFLy7W2,,Yogyakarta,psuartini@yahoo.com,bnasyidah,i53UXPuV8jE4KwJWpQ5j,P8yF6I2WkMX0DbKEGvGC,79hicPAJdnKHvzWYKMCv,,,,,
pmKfOxbJILeUkfSuQoPr4og3Fnt1,,Tanjung Pinang,dono65@yahoo.com,gmarbun,LcTUB26X0ae7hYrHZOeu,,,,,,,
poi2TvnPXqSCGxHnLqWd2qkgzAY2,,Cilegon,jhutapea@gmail.com,oanggraini,Ih0gMRsv6ifBX11kCQ5Q,IZ61JUYxZ49AZJnyDRbe,,,,,,
pvf6O8P0A8POLZKQd1BdmHgnke53,,Pematangsiantar,saefullah.harjo@gmail.com,vwahyuni,561PnyEneU64eZFdEnbe,,,,,,,
qDgWxJSI2wcvtIRtjfUKwoouoak2,,Tebing Tinggi,prastuti.janet@yahoo.com,ella22,VkmbRnrIDasz5TbJtygs,,,,,,,
qDpfHEN4rSWSMG9dbtjwKEmv55E2,,Sukabumi,utami.lamar@yahoo.com,padmasari.pia,X4AjGOiHxzYPrvb4ANqk,,,,,,,
qHIwxZ5b6nbJnE7bDYLOw7d902R2,,Depok,putu49@yahoo.com,prasetya.mustofa,ADIcMNh9SmPu8KaEkNc7,,,,,,,
qWf70vVPp4TIdR8oXdLRpWhwEj43,,Banjar,garan.nashiruddin@yahoo.com,lestari.narji,cu3UJHQXAzUN6lYfk4Pj,,,,,,,
qXGI6KqjEuaC50k7LbPVPEYa0Sa2,,Cirebon,xmelani@yahoo.com,dongoran.salimah,qUJMw9MKygUFT68g5iXb,,,,,,,
r0ZndrgYISOmFMH4mwoTKCQLjNJ2,,Pangkal Pinang,ahalimah@gmail.com,osinaga,9KELqoctX4QrGndTRgur,,,,,,,
r3VahuwOXzMQDc3KpKhkICVskWx1,,Jakarta Utara,maimunah.sihombing@gmail.co.id,elvina69,1ItSjTUAvvxT3Ge4vUtP,,,,,,,
r81XYG60xoXRPULYYgD9kgVt1V53,,Ternate,dyuliarti@yahoo.com,rahayu.malika,9IxZUM2aJ0fgMjFx8rSK,,,,,,,
s1NboQNBfjPzDYatUJpuPqoi5f93,,Banjar,laksmiwati.edward@gmail.com,jessica.usamah,79hicPAJdnKHvzWYKMCv,,,,,,,
s1hPY78v9GTblye8yLAlpTBsg1j1,,Solok,cengkir57@yahoo.co.id,ratna.handayani,vq1yMrcEE0yk4EpeABzt,,,,,,,
s98NGS4vZmcVUoOuRUr5DFXVsZt1,,Semarang,permata.hari@gmail.com,crahimah,SMr9VHjNWZSTiBWREwTx,,,,,,,
sBvC58bjk4fL8034nkp7zKA9Iqh1,,Bogor,prastuti.lanjar@gmail.co.id,waluyo.zelaya,u6bjNZ85q2KUq0CyFyRK,,,,,,,
sJiPZ3LH3YefozG8udP9saqZ0713,,Surakarta,aris.yulianti@gmail.com,gawati96,0u6gU53MePU4W2UJCpYy,1fI2AsboOWDnWYdGByLl,,,,,,
sUdJb3cIvNR322dLeTwq67H1P7J3,,Mataram,usada.dwi@yahoo.com,agnes02,nSq4kc5iYgGQ92mIsfyF,tUJp5lLnwNRPInRS6U70,,,,,,
sYzE5VPGiDVNqhWEuctZV2pwrCn2,,Tasikmalaya,nasyidah.lukman@gmail.com,sitompul.juli,ELSKDUbcQi2d8NIjcaLw,SMr9VHjNWZSTiBWREwTx,,,,,,
scrxN7ij41Ox4fVbVDfQV3uma422,,Banjarbaru,kuswandari.kenari@yahoo.co.id,carla.winarsih,KtSJJNxDtIgDjPrLEZ1C,,,,,,,
skzMr62ZPHQNBykwoa0LeGQLddu1,,Jakarta Barat,upuspasari@yahoo.co.id,hassanah.elma,aEiZEodeoQbYhQvaCnJH,,,,,,,
svy5h6QHWVgb15URcBJkiZBmTdj1,,Cirebon,saragih.calista@yahoo.co.id,edward33,sO7GbAnI0ibeZjKp8AHT,,,,,,,
tYLUx03koZeYzYtPbssKxXx82m63,,Ambon,farida.hartana@yahoo.com,simon.narpati,L1VkfOncMoGcXGfTceJm,,,,,,,
tvc1QPWIw4fBqDcr5WSWtDra0cQ2,,Surakarta,tirawan@yahoo.com,prayoga.titi,HUtmIFqFngUFCkmLpaq7,,,,,,,
u27Y5O4aUGcsxYPthWEyNvV4xQe2,,Madiun,azalea.nashiruddin@yahoo.com,prabowo.pudjiastuti,g3dXR3R1K9EWlrw60k4c,bwoohB9YAly2uYXMYaJL,,,,,,
u2xEyavhNZbdrGQA2cgg5oyBIyq1,,Prabumulih,satya.putra@yahoo.com,wpuspasari,OxRXLMykZUmxIeF9cd3Z,kBOLzgaNpgqxurfhmZ4L,,,,,,
u5kV1GruIAQhe1XjKHF69NdvoWw1,,Tual,oktaviani.mala@yahoo.co.id,saka75,PahNcY2p16kGZSVmIY35,,,,,,,
umVWKSY2qpS2zlEQeSZcTh3muVz1,,Subulussalam,paiman.nurdiyanti@yahoo.co.id,mumpuni35,Dz7WoiWvJarroXZfU27y,SMr9VHjNWZSTiBWREwTx,,,,,,
uuJcIcLYKnO39P7ryf3rSLAtYvm2,,Batu,wibisono.bella@yahoo.co.id,victoria95,YjBNzU4v3DOQDJGQw3h7,la7hqQ2aCWZw4teJQdIY,,,,,,
vIAtepbhDZSyfbNLHGLGIxqPllf2,,Bandar Lampung,saputra.samiah@gmail.co.id,narpati.yunita,rnd3jx93dICeLA3LP5gP,,,,,,,
vYukjeOmeRRFcGdWkHTcGe578YE3,,Bandung,ewijaya@gmail.co.id,lasmanto.namaga,qzdTGfAVSVy5Nwtp3U78,,,,,,,
w489A8aHqqSEDye58caH7IqV9vt1,,Pangkal Pinang,saragih.kardi@gmail.co.id,catur46,7KeVSah7xv88ynURQRpb,,,,,,,
wzSvkSOt3LPXVXQQRUFlNXwNdDk2,,Pangkal Pinang,vino86@gmail.co.id,yoga.prayoga,LlhZ4sNT8PrItxdnYLTx,,,,,,,
xBFpsBzjuhWHbVa8vCOSBzM0LeZ2,,Bontang,hutasoit.ciaobella@yahoo.co.id,ellis00,U2zQ5g50B3tegoBzlXGh,1fI2AsboOWDnWYdGByLl,,,,,,
xJsDYMUwgIWGDpMMeQqP3lzRstj2,,Pasuruan,genta.budiyanto@yahoo.com,pratiwi.paris,fEUX0l8AYCrna1seCFep,,,,,,,
xM6Qh13SbVOcTATo85JvBBij4Hj1,,Banjarmasin,oskar.mandala@gmail.co.id,xsitumorang,KCfU5Q3VgLo5F5PfYCwR,,,,,,,
xwNhigNpXph7sfq87fPACKtquFT2,,Padang,kemal.hutapea@yahoo.com,astuti.edward,yS7fPSPSRS3ZI8XHx6pL,,,,,,,
yTJoQ6c1WrSgHEomxyM69CeySWy1,,Mojokerto,heryanto.nuraini@gmail.com,karja60,40EZDWyhOJzTzZClwQRG,,,,,,,
ycf166USOcebk6lsBVhTJW2pHH12,,Bengkulu,cyulianti@gmail.com,gaman12,8bfgUyrrtAhG7w1ikSGQ,,,,,,,
yot3cD5bE9MlrLKbspzGuR9LnTh1,,Binjai,melani.prayoga@gmail.com,julia.oktaviani,Aw9zHzmSZia7LVZKKcKH,,,,,,,
z9KYLY7MGhZYUUHkOQQrp4wJKNh2,,Sungai Penuh,balangga.laksita@gmail.com,qmangunsong,RIbyns2h03PINxwLbLmI,,,,,,,
zAZ2fxY0EBZoLE4tRodXO0bE5w22,,Jayapura,kasiyah42@yahoo.com,situmorang.michelle,f92tjAGD4rmGevxelImN,,,,,,,
zKXEjZ2tA9NLB9zVIlT04CXXaRz1,,Medan,cayadi.siregar@gmail.com,ikin.rahayu,3509ibEn2meXlycZoxvk,uZqddjEpeEXlBMiBMNkW,,,,,,